{
  "btc_price": 106611,
  "btc_dominance": 58.76225848077716,
  "usdt_dominance": 5.071238523906894,
  "total2": 1489864402606.5305,
  "timestamp": "2025-11-03T23:45:56.932874",
  "spx_price": 6851.97021484375,
  "spx_rollover": false,
  "m2_growth": null,
  "m2_slowing": null,
  "lth_distribution": null,
  "lth_elevated": null
}