{
  "btc_price": 107164,
  "btc_dominance": 58.517980888842466,
  "usdt_dominance": 5.012164987796112,
  "total2": 1518583387002.857,
  "timestamp": "2025-11-03T18:17:06.536397",
  "spx_price": 6860.18017578125,
  "spx_rollover": false,
  "m2_growth": null,
  "m2_slowing": null,
  "lth_distribution": null,
  "lth_elevated": null
}