{
  "btc_price": 106667,
  "btc_dominance": 58.76225848077716,
  "usdt_dominance": 5.071147257436339,
  "total2": 1492106752247.0725,
  "timestamp": "2025-11-03T23:42:12.469931",
  "spx_price": 6851.97021484375,
  "spx_rollover": false,
  "m2_growth": null,
  "m2_slowing": null,
  "lth_distribution": null,
  "lth_elevated": null
}