{
  "btc_price": 106531,
  "btc_dominance": 58.60817548348547,
  "usdt_dominance": 5.057089375765659,
  "total2": 1502160661703.4631,
  "timestamp": "2025-11-04T00:55:23.968929",
  "spx_price": 6851.97021484375,
  "spx_rollover": false,
  "m2_growth": null,
  "m2_slowing": null,
  "lth_distribution": null,
  "lth_elevated": null
}