{
  "btc_price": 108100,
  "btc_dominance": 58.33462933201711,
  "usdt_dominance": 4.964225622815291,
  "total2": 1539165462252.9143,
  "timestamp": "2025-11-03T12:23:51.143885",
  "spx_price": 6840.2001953125,
  "spx_rollover": false,
  "m2_growth": null,
  "m2_slowing": null,
  "lth_distribution": null,
  "lth_elevated": null
}