{
  "btc_price": 107141,
  "btc_dominance": 58.20797110084507,
  "usdt_dominance": 4.998179850482993,
  "total2": 1534357019091.1729,
  "timestamp": "2025-11-03T09:58:17.279605",
  "spx_price": 6840.2001953125,
  "spx_rollover": false,
  "m2_growth": null,
  "m2_slowing": null,
  "lth_distribution": null,
  "lth_elevated": null
}